Freddie;Abbott;Human Mobility Producer;55;70200;Gislason-Schaden
Natasha;Nader;Senior Markets Facilitator;44;101700;McLaughlin-Stiedemann
Domingo;Mann;Central Solutions Liaison;70;38400;O'Reilly-Herman
Giovanna;Dicki;Dynamic Solutions Administrator;50;57200;Casper, Russel and Labadie
Turner;Toy;National Configuration Administrator;49;98100;Graham LLC
Syble;Rutherford;Customer Quality Engineer;65;102000;Keeling Inc
Alvah;Kihn;Product Interactions Producer;66;65400;Welch-Volkman
Maddison;McGlynn;Principal Program Strategist;41;59500;Nienow, Runolfsson and Hilll
Dangelo;Bogisich;Dynamic Division Supervisor;58;40400;Adams, Macejkovic and D'Amore
Eleazar;Tromp;Legacy Applications Architect;54;81800;Waters, Nicolas and Gottlieb
Raquel;Little;Customer Accountability Engineer;30;57900;Mueller-Moore
Dejah;Batz;Lead Factors Architect;48;67500;Cummings LLC
Samantha;Bartoletti;Principal Metrics Producer;34;89500;Schuppe-Bailey
Vince;Durgan;Forward Communications Analyst;61;61900;Thiel-Padberg
Meggie;Robel;Dynamic Identity Associate;52;109400;Rowe Inc
Connie;Ankunding;Human Division Representative;64;97600;Moen-Hartmann
Brain;Keebler;International Response Facilitator;49;51900;Boyer LLC
Jordon;Corwin;Future Markets Director;58;45800;Ritchie-Krajcik
Susan;Gibson;Legacy Creative Officer;69;65400;Klocko, Casper and Runolfsson
Marco;Koch;District Accountability Developer;27;42700;Waelchi-Koepp
Eulalia;Williamson;Legacy Metrics Developer;37;100700;Runolfsdottir-Nolan
Delfina;White;Future Implementation Analyst;25;36200;Effertz-Simonis
Garland;West;Product Markets Orchestrator;67;66300;Frami Inc
Dallas;Goldner;Human Data Orchestrator;55;76000;Skiles LLC
Brayan;Pacocha;Product Applications Planner;69;93300;Kunde-Bartoletti
Genesis;Gutmann;Future Configuration Architect;30;44000;Feeney, O'Conner and Beier
Marguerite;O'Conner;Human Program Architect;37;62100;Howe, Konopelski and Runte
Ona;Tremblay;Forward Mobility Architect;24;99500;Kerluke-Thompson
Kiarra;Hagenes;National Mobility Facilitator;33;38000;Blick-Adams
Loyce;Purdy;Direct Web Producer;30;93300;Bergnaum, Hamill and Mosciski
Vicente;Casper;Global Markets Consultant;66;80000;Larkin, Greenholt and Bednar
Eusebio;Ferry;Regional Paradigm Associate;62;49900;Graham-Hyatt
Sheila;Thiel;Future Assurance Associate;57;99300;Jones-Simonis
Maximillian;Waters;Principal Intranet Officer;42;98500;Witting, Maggio and Harber
Maxwell;Klocko;International Web Engineer;40;39200;Bode-Okuneva
Marty;Sporer;Dynamic Directives Consultant;35;114000;Schmidt-Zemlak
Della;Stamm;Human Data Specialist;70;70200;Hackett Group
Alyson;McKenzie;Principal Functionality Producer;39;40600;Kautzer, Cartwright and Quitzon
Trisha;Witting;National Branding Liaison;48;109600;Balistreri, Ullrich and Hilll
Kellen;Parisian;National Web Consultant;63;74800;Breitenberg Group
Giovanna;Ratke;Lead Security Officer;50;87200;Lind Group
Royal;Cronin;Regional Implementation Orchestrator;67;74600;Reinger LLC
Oleta;Raynor;Global Directives Representative;38;118600;Block Inc
Tyra;Johns;Central Group Strategist;34;65700;Kohler and Sons
Reinhold;Koch;Customer Optimization Director;27;51900;Lowe Inc
Mary;Stanton;Human Optimization Developer;58;46800;Johns and Sons
Lyric;Kub;Forward Functionality Director;52;105300;Crona-Hansen
Violette;Lakin;Legacy Interactions Coordinator;69;81300;Becker-Boyle
Abbey;Hayes;Direct Research Facilitator;57;58400;Dach-Johnson
Quinton;Cole;Internal Communications Strategist;48;107100;Hand-Goldner
